pid,arrival_time,priority,burst_time,waiting_time,turnaround_time,response_time,start_time,end_time,total_process,run_time,cpu_total_time,cpu_run_time,cpu_utilization,throughput,average_waiting_time,average_turnaround_time,average_response_time
1,849,9,86,23215.0,23301.0,23215.0,24064.0,24150.0,1000.0,0.04749917984008789,50638.0,38.39226722717285,1.0,0.01974801532445989,25014.452,25065.09,25014.452
2,430,11,29,27956.0,27985.0,27956.0,28386.0,28415.0,,,,,,,,,
3,514,9,80,22886.0,22966.0,22886.0,23400.0,23480.0,,,,,,,,,
4,164,1,89,3013.0,3102.0,3013.0,3177.0,3266.0,,,,,,,,,
5,508,10,3,25770.0,25773.0,25770.0,26278.0,26281.0,,,,,,,,,
6,329,3,73,7988.0,8061.0,7988.0,8317.0,8390.0,,,,,,,,,
7,67,11,55,27597.0,27652.0,27597.0,27664.0,27719.0,,,,,,,,,
8,48,4,77,10032.0,10109.0,10032.0,10080.0,10157.0,,,,,,,,,
9,52,3,44,7571.0,7615.0,7571.0,7623.0,7667.0,,,,,,,,,
10,415,10,45,25375.0,25420.0,25375.0,25790.0,25835.0,,,,,,,,,
11,631,19,37,46292.0,46329.0,46292.0,46923.0,46960.0,,,,,,,,,
12,353,7,74,17713.0,17787.0,17713.0,18066.0,18140.0,,,,,,,,,
13,441,18,52,43656.0,43708.0,43656.0,44097.0,44149.0,,,,,,,,,
14,341,8,0,19810.0,19810.0,19810.0,20151.0,20151.0,,,,,,,,,
15,583,6,99,15672.0,15771.0,15672.0,16255.0,16354.0,,,,,,,,,
16,673,13,46,32846.0,32892.0,32846.0,33519.0,33565.0,,,,,,,,,
17,659,1,65,3704.0,3769.0,3704.0,4363.0,4428.0,,,,,,,,,
18,485,1,55,3378.0,3433.0,3378.0,3863.0,3918.0,,,,,,,,,
19,754,13,55,33067.0,33122.0,33067.0,33821.0,33876.0,,,,,,,,,
20,16,7,77,17392.0,17469.0,17392.0,17408.0,17485.0,,,,,,,,,
21,315,7,19,17571.0,17590.0,17571.0,17886.0,17905.0,,,,,,,,,
22,500,16,36,39856.0,39892.0,39856.0,40356.0,40392.0,,,,,,,,,
23,829,11,32,28353.0,28385.0,28353.0,29182.0,29214.0,,,,,,,,,
24,880,12,77,30562.0,30639.0,30562.0,31442.0,31519.0,,,,,,,,,
25,492,9,58,22785.0,22843.0,22785.0,23277.0,23335.0,,,,,,,,,
26,578,19,9,46269.0,46278.0,46269.0,46847.0,46856.0,,,,,,,,,
27,225,14,81,35384.0,35465.0,35384.0,35609.0,35690.0,,,,,,,,,
28,650,0,69,1019.0,1088.0,1019.0,1669.0,1738.0,,,,,,,,,
29,196,7,85,17503.0,17588.0,17503.0,17699.0,17784.0,,,,,,,,,
30,201,3,86,7853.0,7939.0,7853.0,8054.0,8140.0,,,,,,,,,
31,434,12,7,29813.0,29820.0,29813.0,30247.0,30254.0,,,,,,,,,
32,34,5,81,12671.0,12752.0,12671.0,12705.0,12786.0,,,,,,,,,
33,451,14,39,35485.0,35524.0,35485.0,35936.0,35975.0,,,,,,,,,
34,762,17,73,42154.0,42227.0,42154.0,42916.0,42989.0,,,,,,,,,
35,285,9,88,22182.0,22270.0,22182.0,22467.0,22555.0,,,,,,,,,
36,299,11,17,27849.0,27866.0,27849.0,28148.0,28165.0,,,,,,,,,
37,596,1,97,3630.0,3727.0,3630.0,4226.0,4323.0,,,,,,,,,
38,896,19,95,46791.0,46886.0,46791.0,47687.0,47782.0,,,,,,,,,
39,123,10,71,25013.0,25084.0,25013.0,25136.0,25207.0,,,,,,,,,
40,357,2,23,5721.0,5744.0,5721.0,6078.0,6101.0,,,,,,,,,
41,506,16,74,39886.0,39960.0,39886.0,40392.0,40466.0,,,,,,,,,
42,561,1,24,3513.0,3537.0,3513.0,4074.0,4098.0,,,,,,,,,
43,602,5,12,13147.0,13159.0,13147.0,13749.0,13761.0,,,,,,,,,
44,431,16,76,39625.0,39701.0,39625.0,40056.0,40132.0,,,,,,,,,
45,786,18,99,44028.0,44127.0,44028.0,44814.0,44913.0,,,,,,,,,
46,936,7,26,18257.0,18283.0,18257.0,19193.0,19219.0,,,,,,,,,
47,923,17,73,42271.0,42344.0,42271.0,43194.0,43267.0,,,,,,,,,
48,65,3,98,7602.0,7700.0,7602.0,7667.0,7765.0,,,,,,,,,
49,829,20,43,49410.0,49453.0,49410.0,50239.0,50282.0,,,,,,,,,
50,577,19,37,46233.0,46270.0,46233.0,46810.0,46847.0,,,,,,,,,
51,587,5,6,13156.0,13162.0,13156.0,13743.0,13749.0,,,,,,,,,
52,133,14,82,35183.0,35265.0,35183.0,35316.0,35398.0,,,,,,,,,
53,921,11,2,28293.0,28295.0,28293.0,29214.0,29216.0,,,,,,,,,
54,369,18,25,43548.0,43573.0,43548.0,43917.0,43942.0,,,,,,,,,
55,751,5,60,13285.0,13345.0,13285.0,14036.0,14096.0,,,,,,,,,
56,717,2,90,6087.0,6177.0,6087.0,6804.0,6894.0,,,,,,,,,
57,291,11,48,27809.0,27857.0,27809.0,28100.0,28148.0,,,,,,,,,
58,11,0,99,26.0,125.0,26.0,37.0,136.0,,,,,,,,,
59,943,2,56,6526.0,6582.0,6526.0,7469.0,7525.0,,,,,,,,,
60,809,8,64,20231.0,20295.0,20231.0,21040.0,21104.0,,,,,,,,,
61,902,1,80,3828.0,3908.0,3828.0,4730.0,4810.0,,,,,,,,,
62,929,7,51,18191.0,18242.0,18191.0,19120.0,19171.0,,,,,,,,,
63,116,1,5,2851.0,2856.0,2851.0,2967.0,2972.0,,,,,,,,,
64,190,15,76,37399.0,37475.0,37399.0,37589.0,37665.0,,,,,,,,,
65,492,16,5,39818.0,39823.0,39818.0,40310.0,40315.0,,,,,,,,,
66,603,18,56,43891.0,43947.0,43891.0,44494.0,44550.0,,,,,,,,,
67,727,5,89,13220.0,13309.0,13220.0,13947.0,14036.0,,,,,,,,,
68,750,12,96,30107.0,30203.0,30107.0,30857.0,30953.0,,,,,,,,,
69,199,1,10,3121.0,3131.0,3121.0,3320.0,3330.0,,,,,,,,,
70,332,17,91,41634.0,41725.0,41634.0,41966.0,42057.0,,,,,,,,,
71,833,19,9,46537.0,46546.0,46537.0,47370.0,47379.0,,,,,,,,,
72,73,10,67,24742.0,24809.0,24742.0,24815.0,24882.0,,,,,,,,,
73,210,9,4,22155.0,22159.0,22155.0,22365.0,22369.0,,,,,,,,,
74,135,0,43,405.0,448.0,405.0,540.0,583.0,,,,,,,,,
75,779,19,44,46483.0,46527.0,46483.0,47262.0,47306.0,,,,,,,,,
76,546,5,71,13117.0,13188.0,13117.0,13663.0,13734.0,,,,,,,,,
77,827,6,73,15969.0,16042.0,15969.0,16796.0,16869.0,,,,,,,,,
78,436,5,90,12948.0,13038.0,12948.0,13384.0,13474.0,,,,,,,,,
79,669,17,47,41969.0,42016.0,41969.0,42638.0,42685.0,,,,,,,,,
80,467,15,57,37799.0,37856.0,37799.0,38266.0,38323.0,,,,,,,,,
81,66,3,76,7699.0,7775.0,7699.0,7765.0,7841.0,,,,,,,,,
82,80,15,33,37195.0,37228.0,37195.0,37275.0,37308.0,,,,,,,,,
83,557,17,45,41788.0,41833.0,41788.0,42345.0,42390.0,,,,,,,,,
84,698,11,39,28333.0,28372.0,28333.0,29031.0,29070.0,,,,,,,,,
85,167,16,50,39352.0,39402.0,39352.0,39519.0,39569.0,,,,,,,,,
86,655,19,70,46394.0,46464.0,46394.0,47049.0,47119.0,,,,,,,,,
87,400,16,64,39525.0,39589.0,39525.0,39925.0,39989.0,,,,,,,,,
88,712,10,27,26117.0,26144.0,26117.0,26829.0,26856.0,,,,,,,,,
89,169,13,8,32145.0,32153.0,32145.0,32314.0,32322.0,,,,,,,,,
90,35,6,50,14687.0,14737.0,14687.0,14722.0,14772.0,,,,,,,,,
91,814,4,29,11122.0,11151.0,11122.0,11936.0,11965.0,,,,,,,,,
92,314,6,85,15103.0,15188.0,15103.0,15417.0,15502.0,,,,,,,,,
93,293,20,26,48274.0,48300.0,48274.0,48567.0,48593.0,,,,,,,,,
94,845,14,46,35893.0,35939.0,35893.0,36738.0,36784.0,,,,,,,,,
95,819,8,9,20372.0,20381.0,20372.0,21191.0,21200.0,,,,,,,,,
96,568,1,91,3530.0,3621.0,3530.0,4098.0,4189.0,,,,,,,,,
97,978,1,36,4023.0,4059.0,4023.0,5001.0,5037.0,,,,,,,,,
98,987,10,72,26263.0,26335.0,26263.0,27250.0,27322.0,,,,,,,,,
99,175,16,67,39394.0,39461.0,39394.0,39569.0,39636.0,,,,,,,,,
100,1000,11,98,28308.0,28406.0,28308.0,29308.0,29406.0,,,,,,,,,
101,775,13,22,33233.0,33255.0,33233.0,34008.0,34030.0,,,,,,,,,
102,410,12,34,29803.0,29837.0,29803.0,30213.0,30247.0,,,,,,,,,
103,157,5,28,12784.0,12812.0,12784.0,12941.0,12969.0,,,,,,,,,
104,73,10,91,24809.0,24900.0,24809.0,24882.0,24973.0,,,,,,,,,
105,998,4,90,11463.0,11553.0,11463.0,12461.0,12551.0,,,,,,,,,
106,817,8,87,20287.0,20374.0,20287.0,21104.0,21191.0,,,,,,,,,
107,961,19,27,47125.0,47152.0,47125.0,48086.0,48113.0,,,,,,,,,
108,825,5,36,13372.0,13408.0,13372.0,14197.0,14233.0,,,,,,,,,
109,697,16,26,39981.0,40007.0,39981.0,40678.0,40704.0,,,,,,,,,
110,602,10,10,25827.0,25837.0,25827.0,26429.0,26439.0,,,,,,,,,
111,894,0,47,1447.0,1494.0,1447.0,2341.0,2388.0,,,,,,,,,
112,397,1,27,3266.0,3293.0,3266.0,3663.0,3690.0,,,,,,,,,
113,535,7,95,17801.0,17896.0,17801.0,18336.0,18431.0,,,,,,,,,
114,469,14,59,35506.0,35565.0,35506.0,35975.0,36034.0,,,,,,,,,
115,496,8,72,19937.0,20009.0,19937.0,20433.0,20505.0,,,,,,,,,
116,503,10,97,25678.0,25775.0,25678.0,26181.0,26278.0,,,,,,,,,
117,506,4,24,10489.0,10513.0,10489.0,10995.0,11019.0,,,,,,,,,
118,626,16,63,39915.0,39978.0,39915.0,40541.0,40604.0,,,,,,,,,
119,406,14,1,35529.0,35530.0,35529.0,35935.0,35936.0,,,,,,,,,
120,862,8,98,20512.0,20610.0,20512.0,21374.0,21472.0,,,,,,,,,
121,766,14,55,35712.0,35767.0,35712.0,36478.0,36533.0,,,,,,,,,
122,265,5,52,12934.0,12986.0,12934.0,13199.0,13251.0,,,,,,,,,
123,160,17,38,41350.0,41388.0,41350.0,41510.0,41548.0,,,,,,,,,
124,675,2,62,6031.0,6093.0,6031.0,6706.0,6768.0,,,,,,,,,
125,631,19,78,46329.0,46407.0,46329.0,46960.0,47038.0,,,,,,,,,
126,660,10,93,25981.0,26074.0,25981.0,26641.0,26734.0,,,,,,,,,
127,916,10,52,26147.0,26199.0,26147.0,27063.0,27115.0,,,,,,,,,
128,155,10,60,25052.0,25112.0,25052.0,25207.0,25267.0,,,,,,,,,
129,957,20,0,49518.0,49518.0,49518.0,50475.0,50475.0,,,,,,,,,
130,940,4,84,11411.0,11495.0,11411.0,12351.0,12435.0,,,,,,,,,
131,742,15,36,38167.0,38203.0,38167.0,38909.0,38945.0,,,,,,,,,
132,887,19,15,46701.0,46716.0,46701.0,47588.0,47603.0,,,,,,,,,
133,105,12,88,29424.0,29512.0,29424.0,29529.0,29617.0,,,,,,,,,
134,362,0,79,712.0,791.0,712.0,1074.0,1153.0,,,,,,,,,
135,921,2,37,6511.0,6548.0,6511.0,7432.0,7469.0,,,,,,,,,
136,223,12,29,29665.0,29694.0,29665.0,29888.0,29917.0,,,,,,,,,
137,429,20,98,48760.0,48858.0,48760.0,49189.0,49287.0,,,,,,,,,
138,872,6,18,16131.0,16149.0,16131.0,17003.0,17021.0,,,,,,,,,
139,107,10,80,24949.0,25029.0,24949.0,25056.0,25136.0,,,,,,,,,
140,241,7,23,17588.0,17611.0,17588.0,17829.0,17852.0,,,,,,,,,
141,108,12,94,29526.0,29620.0,29526.0,29634.0,29728.0,,,,,,,,,
142,27,12,45,29379.0,29424.0,29379.0,29406.0,29451.0,,,,,,,,,
143,567,4,61,10539.0,10600.0,10539.0,11106.0,11167.0,,,,,,,,,
144,175,13,45,32147.0,32192.0,32147.0,32322.0,32367.0,,,,,,,,,
145,972,16,50,40290.0,40340.0,40290.0,41262.0,41312.0,,,,,,,,,
146,159,1,80,2846.0,2926.0,2846.0,3005.0,3085.0,,,,,,,,,
147,357,18,85,43475.0,43560.0,43475.0,43832.0,43917.0,,,,,,,,,
148,452,9,33,22453.0,22486.0,22453.0,22905.0,22938.0,,,,,,,,,
149,458,20,16,48981.0,48997.0,48981.0,49439.0,49455.0,,,,,,,,,
150,513,4,42,10551.0,10593.0,10551.0,11064.0,11106.0,,,,,,,,,
151,269,18,21,43452.0,43473.0,43452.0,43721.0,43742.0,,,,,,,,,
152,2,19,4,45502.0,45506.0,45502.0,45504.0,45508.0,,,,,,,,,
153,998,1,44,4100.0,4144.0,4100.0,5098.0,5142.0,,,,,,,,,
154,229,17,25,41367.0,41392.0,41367.0,41596.0,41621.0,,,,,,,,,
155,831,12,93,30473.0,30566.0,30473.0,31304.0,31397.0,,,,,,,,,
156,170,14,65,35234.0,35299.0,35234.0,35404.0,35469.0,,,,,,,,,
157,441,3,35,8133.0,8168.0,8133.0,8574.0,8609.0,,,,,,,,,
158,259,14,20,35593.0,35613.0,35593.0,35852.0,35872.0,,,,,,,,,
159,490,9,66,22721.0,22787.0,22721.0,23211.0,23277.0,,,,,,,,,
160,653,13,87,32756.0,32843.0,32756.0,33409.0,33496.0,,,,,,,,,
161,517,13,10,32461.0,32471.0,32461.0,32978.0,32988.0,,,,,,,,,
162,587,4,80,10682.0,10762.0,10682.0,11269.0,11349.0,,,,,,,,,
163,582,20,33,49130.0,49163.0,49130.0,49712.0,49745.0,,,,,,,,,
164,247,14,43,35562.0,35605.0,35562.0,35809.0,35852.0,,,,,,,,,
165,270,4,48,10141.0,10189.0,10141.0,10411.0,10459.0,,,,,,,,,
166,744,7,33,18023.0,18056.0,18023.0,18767.0,18800.0,,,,,,,,,
167,410,6,97,15238.0,15335.0,15238.0,15648.0,15745.0,,,,,,,,,
168,313,8,9,19829.0,19838.0,19829.0,20142.0,20151.0,,,,,,,,,
169,594,0,3,928.0,931.0,928.0,1522.0,1525.0,,,,,,,,,
170,801,0,64,1235.0,1299.0,1235.0,2036.0,2100.0,,,,,,,,,
171,893,4,9,11338.0,11347.0,11338.0,12231.0,12240.0,,,,,,,,,
172,950,6,76,16088.0,16164.0,16088.0,17038.0,17114.0,,,,,,,,,
173,800,13,94,33327.0,33421.0,33327.0,34127.0,34221.0,,,,,,,,,
174,924,7,10,18186.0,18196.0,18186.0,19110.0,19120.0,,,,,,,,,
175,399,20,57,48548.0,48605.0,48548.0,48947.0,49004.0,,,,,,,,,
176,666,17,62,41910.0,41972.0,41910.0,42576.0,42638.0,,,,,,,,,
177,264,3,71,7968.0,8039.0,7968.0,8232.0,8303.0,,,,,,,,,
178,657,17,36,41883.0,41919.0,41883.0,42540.0,42576.0,,,,,,,,,
179,338,0,24,712.0,736.0,712.0,1050.0,1074.0,,,,,,,,,
180,70,4,39,10087.0,10126.0,10087.0,10157.0,10196.0,,,,,,,,,
181,653,13,23,32843.0,32866.0,32843.0,33496.0,33519.0,,,,,,,,,
182,509,1,56,3409.0,3465.0,3409.0,3918.0,3974.0,,,,,,,,,
183,154,12,1,29574.0,29575.0,29574.0,29728.0,29729.0,,,,,,,,,
184,877,19,68,46643.0,46711.0,46643.0,47520.0,47588.0,,,,,,,,,
185,928,4,49,11374.0,11423.0,11374.0,12302.0,12351.0,,,,,,,,,
186,941,3,55,8813.0,8868.0,8813.0,9754.0,9809.0,,,,,,,,,
187,89,20,37,48112.0,48149.0,48112.0,48201.0,48238.0,,,,,,,,,
188,741,6,26,15844.0,15870.0,15844.0,16585.0,16611.0,,,,,,,,,
189,154,1,13,2838.0,2851.0,2838.0,2992.0,3005.0,,,,,,,,,
190,8,3,85,7530.0,7615.0,7530.0,7538.0,7623.0,,,,,,,,,
191,584,12,19,29957.0,29976.0,29957.0,30541.0,30560.0,,,,,,,,,
192,910,3,96,8748.0,8844.0,8748.0,9658.0,9754.0,,,,,,,,,
193,368,9,45,22341.0,22386.0,22341.0,22709.0,22754.0,,,,,,,,,
194,175,12,94,29619.0,29713.0,29619.0,29794.0,29888.0,,,,,,,,,
195,80,19,91,45663.0,45754.0,45663.0,45743.0,45834.0,,,,,,,,,
196,724,0,66,1147.0,1213.0,1147.0,1871.0,1937.0,,,,,,,,,
197,869,4,88,11117.0,11205.0,11117.0,11986.0,12074.0,,,,,,,,,
198,608,2,39,5935.0,5974.0,5935.0,6543.0,6582.0,,,,,,,,,
199,542,12,45,29818.0,29863.0,29818.0,30360.0,30405.0,,,,,,,,,
200,862,9,48,23288.0,23336.0,23288.0,24150.0,24198.0,,,,,,,,,
201,903,2,65,6369.0,6434.0,6369.0,7272.0,7337.0,,,,,,,,,
202,613,12,3,30031.0,30034.0,30031.0,30644.0,30647.0,,,,,,,,,
203,787,18,17,44126.0,44143.0,44126.0,44913.0,44930.0,,,,,,,,,
204,481,0,3,833.0,836.0,833.0,1314.0,1317.0,,,,,,,,,
205,599,13,17,32702.0,32719.0,32702.0,33301.0,33318.0,,,,,,,,,
206,335,18,90,43407.0,43497.0,43407.0,43742.0,43832.0,,,,,,,,,
207,807,17,91,42196.0,42287.0,42196.0,43003.0,43094.0,,,,,,,,,
208,245,13,22,32260.0,32282.0,32260.0,32505.0,32527.0,,,,,,,,,
209,20,11,28,27378.0,27406.0,27378.0,27398.0,27426.0,,,,,,,,,
210,865,0,78,1398.0,1476.0,1398.0,2263.0,2341.0,,,,,,,,,
211,911,8,37,20640.0,20677.0,20640.0,21551.0,21588.0,,,,,,,,,
212,51,19,99,45494.0,45593.0,45494.0,45545.0,45644.0,,,,,,,,,
213,191,15,77,37474.0,37551.0,37474.0,37665.0,37742.0,,,,,,,,,
214,153,1,1,2838.0,2839.0,2838.0,2991.0,2992.0,,,,,,,,,
215,556,7,4,17875.0,17879.0,17875.0,18431.0,18435.0,,,,,,,,,
216,114,9,23,21933.0,21956.0,21933.0,22047.0,22070.0,,,,,,,,,
217,708,9,100,23042.0,23142.0,23042.0,23750.0,23850.0,,,,,,,,,
218,323,20,86,48270.0,48356.0,48270.0,48593.0,48679.0,,,,,,,,,
219,245,14,42,35522.0,35564.0,35522.0,35767.0,35809.0,,,,,,,,,
220,478,6,90,15332.0,15422.0,15332.0,15810.0,15900.0,,,,,,,,,
221,582,2,8,5772.0,5780.0,5772.0,6354.0,6362.0,,,,,,,,,
222,493,10,73,25615.0,25688.0,25615.0,26108.0,26181.0,,,,,,,,,
223,507,4,45,10512.0,10557.0,10512.0,11019.0,11064.0,,,,,,,,,
224,760,6,100,15875.0,15975.0,15875.0,16635.0,16735.0,,,,,,,,,
225,666,14,24,35669.0,35693.0,35669.0,36335.0,36359.0,,,,,,,,,
226,408,12,30,29775.0,29805.0,29775.0,30183.0,30213.0,,,,,,,,,
227,131,3,76,7762.0,7838.0,7762.0,7893.0,7969.0,,,,,,,,,
228,475,6,65,15270.0,15335.0,15270.0,15745.0,15810.0,,,,,,,,,
229,653,11,15,28111.0,28126.0,28111.0,28764.0,28779.0,,,,,,,,,
230,817,20,54,49368.0,49422.0,49368.0,50185.0,50239.0,,,,,,,,,
231,158,10,87,25109.0,25196.0,25109.0,25267.0,25354.0,,,,,,,,,
232,353,6,32,15149.0,15181.0,15149.0,15502.0,15534.0,,,,,,,,,
233,281,2,49,5589.0,5638.0,5589.0,5870.0,5919.0,,,,,,,,,
234,100,11,31,27619.0,27650.0,27619.0,27719.0,27750.0,,,,,,,,,
235,676,13,0,32889.0,32889.0,32889.0,33565.0,33565.0,,,,,,,,,
236,631,5,78,13216.0,13294.0,13216.0,13847.0,13925.0,,,,,,,,,
237,600,4,85,10749.0,10834.0,10749.0,11349.0,11434.0,,,,,,,,,
238,562,14,79,35565.0,35644.0,35565.0,36127.0,36206.0,,,,,,,,,
239,629,13,37,32723.0,32760.0,32723.0,33352.0,33389.0,,,,,,,,,
240,874,7,58,18161.0,18219.0,18161.0,19035.0,19093.0,,,,,,,,,
241,624,7,22,17811.0,17833.0,17811.0,18435.0,18457.0,,,,,,,,,
242,170,9,49,21955.0,22004.0,21955.0,22125.0,22174.0,,,,,,,,,
243,182,7,31,17440.0,17471.0,17440.0,17622.0,17653.0,,,,,,,,,
244,654,11,46,28125.0,28171.0,28125.0,28779.0,28825.0,,,,,,,,,
245,624,2,73,5958.0,6031.0,5958.0,6582.0,6655.0,,,,,,,,,
246,98,6,16,14796.0,14812.0,14796.0,14894.0,14910.0,,,,,,,,,
247,45,0,90,252.0,342.0,252.0,297.0,387.0,,,,,,,,,
248,85,5,33,12759.0,12792.0,12759.0,12844.0,12877.0,,,,,,,,,
249,179,2,61,5398.0,5459.0,5398.0,5577.0,5638.0,,,,,,,,,
250,886,13,99,33606.0,33705.0,33606.0,34492.0,34591.0,,,,,,,,,
251,411,17,78,41646.0,41724.0,41646.0,42057.0,42135.0,,,,,,,,,
252,966,16,31,40265.0,40296.0,40265.0,41231.0,41262.0,,,,,,,,,
253,945,14,27,36089.0,36116.0,36089.0,37034.0,37061.0,,,,,,,,,
254,783,15,46,38262.0,38308.0,38262.0,39045.0,39091.0,,,,,,,,,
255,874,4,71,11200.0,11271.0,11200.0,12074.0,12145.0,,,,,,,,,
256,851,3,21,8753.0,8774.0,8753.0,9604.0,9625.0,,,,,,,,,
257,17,7,10,17468.0,17478.0,17468.0,17485.0,17495.0,,,,,,,,,
258,32,2,93,5291.0,5384.0,5291.0,5323.0,5416.0,,,,,,,,,
259,526,11,31,27934.0,27965.0,27934.0,28460.0,28491.0,,,,,,,,,
260,162,13,78,32047.0,32125.0,32047.0,32209.0,32287.0,,,,,,,,,
261,435,9,45,22425.0,22470.0,22425.0,22860.0,22905.0,,,,,,,,,
262,686,18,59,44017.0,44076.0,44017.0,44703.0,44762.0,,,,,,,,,
263,315,11,41,27925.0,27966.0,27925.0,28240.0,28281.0,,,,,,,,,
264,680,19,41,46439.0,46480.0,46439.0,47119.0,47160.0,,,,,,,,,
265,82,5,58,12704.0,12762.0,12704.0,12786.0,12844.0,,,,,,,,,
266,669,17,65,42016.0,42081.0,42016.0,42685.0,42750.0,,,,,,,,,
267,644,14,88,35603.0,35691.0,35603.0,36247.0,36335.0,,,,,,,,,
268,527,3,79,8183.0,8262.0,8183.0,8710.0,8789.0,,,,,,,,,
269,781,14,85,35782.0,35867.0,35782.0,36563.0,36648.0,,,,,,,,,
270,830,6,97,16039.0,16136.0,16039.0,16869.0,16966.0,,,,,,,,,
271,227,8,79,19597.0,19676.0,19597.0,19824.0,19903.0,,,,,,,,,
272,68,2,5,5348.0,5353.0,5348.0,5416.0,5421.0,,,,,,,,,
273,484,9,31,22603.0,22634.0,22603.0,23087.0,23118.0,,,,,,,,,
274,359,8,77,19792.0,19869.0,19792.0,20151.0,20228.0,,,,,,,,,
275,399,8,39,19890.0,19929.0,19890.0,20289.0,20328.0,,,,,,,,,
276,353,13,29,32368.0,32397.0,32368.0,32721.0,32750.0,,,,,,,,,
277,576,4,31,10591.0,10622.0,10591.0,11167.0,11198.0,,,,,,,,,
278,844,4,21,11121.0,11142.0,11121.0,11965.0,11986.0,,,,,,,,,
279,500,15,95,37887.0,37982.0,37887.0,38387.0,38482.0,,,,,,,,,
280,914,12,67,30651.0,30718.0,30651.0,31565.0,31632.0,,,,,,,,,
281,743,7,84,17940.0,18024.0,17940.0,18683.0,18767.0,,,,,,,,,
282,463,0,56,794.0,850.0,794.0,1257.0,1313.0,,,,,,,,,
283,296,4,84,10163.0,10247.0,10163.0,10459.0,10543.0,,,,,,,,,
284,972,20,60,49606.0,49666.0,49606.0,50578.0,50638.0,,,,,,,,,
285,956,6,31,16158.0,16189.0,16158.0,17114.0,17145.0,,,,,,,,,
286,864,7,34,18137.0,18171.0,18137.0,19001.0,19035.0,,,,,,,,,
287,363,15,23,37615.0,37638.0,37615.0,37978.0,38001.0,,,,,,,,,
288,874,20,84,49440.0,49524.0,49440.0,50314.0,50398.0,,,,,,,,,
289,931,17,24,42336.0,42360.0,42336.0,43267.0,43291.0,,,,,,,,,
290,161,15,16,37388.0,37404.0,37388.0,37549.0,37565.0,,,,,,,,,
291,422,2,99,5748.0,5847.0,5748.0,6170.0,6269.0,,,,,,,,,
292,593,13,52,32656.0,32708.0,32656.0,33249.0,33301.0,,,,,,,,,
293,831,13,14,33390.0,33404.0,33390.0,34221.0,34235.0,,,,,,,,,
294,639,18,71,43929.0,44000.0,43929.0,44568.0,44639.0,,,,,,,,,
295,103,6,88,14807.0,14895.0,14807.0,14910.0,14998.0,,,,,,,,,
296,966,7,10,18376.0,18386.0,18376.0,19342.0,19352.0,,,,,,,,,
297,48,9,50,21798.0,21848.0,21798.0,21846.0,21896.0,,,,,,,,,
298,762,10,39,26182.0,26221.0,26182.0,26944.0,26983.0,,,,,,,,,
299,874,5,12,13508.0,13520.0,13508.0,14382.0,14394.0,,,,,,,,,
300,869,13,35,33418.0,33453.0,33418.0,34287.0,34322.0,,,,,,,,,
301,948,19,52,46993.0,47045.0,46993.0,47941.0,47993.0,,,,,,,,,
302,676,10,86,26067.0,26153.0,26067.0,26743.0,26829.0,,,,,,,,,
303,73,4,5,10123.0,10128.0,10123.0,10196.0,10201.0,,,,,,,,,
304,547,3,93,8338.0,8431.0,8338.0,8885.0,8978.0,,,,,,,,,
305,828,18,18,44102.0,44120.0,44102.0,44930.0,44948.0,,,,,,,,,
306,872,20,32,49410.0,49442.0,49410.0,50282.0,50314.0,,,,,,,,,
307,261,5,8,12930.0,12938.0,12930.0,13191.0,13199.0,,,,,,,,,
308,656,2,11,5999.0,6010.0,5999.0,6655.0,6666.0,,,,,,,,,
309,988,2,13,6537.0,6550.0,6537.0,7525.0,7538.0,,,,,,,,,
310,250,17,32,41513.0,41545.0,41513.0,41763.0,41795.0,,,,,,,,,
311,296,9,84,22259.0,22343.0,22259.0,22555.0,22639.0,,,,,,,,,
312,690,13,72,32875.0,32947.0,32875.0,33565.0,33637.0,,,,,,,,,
313,424,13,31,32381.0,32412.0,32381.0,32805.0,32836.0,,,,,,,,,
314,963,20,87,49512.0,49599.0,49512.0,50475.0,50562.0,,,,,,,,,
315,553,9,40,22974.0,23014.0,22974.0,23527.0,23567.0,,,,,,,,,
316,491,18,71,43886.0,43957.0,43886.0,44377.0,44448.0,,,,,,,,,
317,779,4,90,10958.0,11048.0,10958.0,11737.0,11827.0,,,,,,,,,
318,717,6,36,15777.0,15813.0,15777.0,16494.0,16530.0,,,,,,,,,
319,294,17,0,41530.0,41530.0,41530.0,41824.0,41824.0,,,,,,,,,
320,627,9,56,22940.0,22996.0,22940.0,23567.0,23623.0,,,,,,,,,
321,317,15,1,37613.0,37614.0,37613.0,37930.0,37931.0,,,,,,,,,
322,94,15,78,37343.0,37421.0,37343.0,37437.0,37515.0,,,,,,,,,
323,698,4,92,10823.0,10915.0,10823.0,11521.0,11613.0,,,,,,,,,
324,721,6,28,15809.0,15837.0,15809.0,16530.0,16558.0,,,,,,,,,
325,0,10,37,0.0,37.0,0.0,0.0,37.0,,,,,,,,,
326,283,15,63,37486.0,37549.0,37486.0,37769.0,37832.0,,,,,,,,,
327,573,16,58,39910.0,39968.0,39910.0,40483.0,40541.0,,,,,,,,,
328,43,7,61,17511.0,17572.0,17511.0,17554.0,17615.0,,,,,,,,,
329,23,5,94,12588.0,12682.0,12588.0,12611.0,12705.0,,,,,,,,,
330,175,3,10,7863.0,7873.0,7863.0,8038.0,8048.0,,,,,,,,,
331,247,0,14,729.0,743.0,729.0,976.0,990.0,,,,,,,,,
332,892,5,68,13502.0,13570.0,13502.0,14394.0,14462.0,,,,,,,,,
333,407,13,9,32353.0,32362.0,32353.0,32760.0,32769.0,,,,,,,,,
334,601,12,13,29992.0,30005.0,29992.0,30593.0,30606.0,,,,,,,,,
335,425,10,42,25410.0,25452.0,25410.0,25835.0,25877.0,,,,,,,,,
336,433,5,87,12864.0,12951.0,12864.0,13297.0,13384.0,,,,,,,,,
337,4,13,91,31864.0,31955.0,31864.0,31868.0,31959.0,,,,,,,,,
338,463,3,67,8146.0,8213.0,8146.0,8609.0,8676.0,,,,,,,,,
339,28,2,95,5200.0,5295.0,5200.0,5228.0,5323.0,,,,,,,,,
340,894,18,82,44178.0,44260.0,44178.0,45072.0,45154.0,,,,,,,,,
341,858,15,17,38258.0,38275.0,38258.0,39116.0,39133.0,,,,,,,,,
342,945,9,60,23580.0,23640.0,23580.0,24525.0,24585.0,,,,,,,,,
343,354,1,83,3226.0,3309.0,3226.0,3580.0,3663.0,,,,,,,,,
344,413,20,97,48679.0,48776.0,48679.0,49092.0,49189.0,,,,,,,,,
345,251,5,23,12917.0,12940.0,12917.0,13168.0,13191.0,,,,,,,,,
346,756,20,8,49188.0,49196.0,49188.0,49944.0,49952.0,,,,,,,,,
347,613,5,86,13148.0,13234.0,13148.0,13761.0,13847.0,,,,,,,,,
348,365,11,45,27916.0,27961.0,27916.0,28281.0,28326.0,,,,,,,,,
349,33,11,66,27491.0,27557.0,27491.0,27524.0,27590.0,,,,,,,,,
350,454,19,99,46106.0,46205.0,46106.0,46560.0,46659.0,,,,,,,,,
351,158,20,36,48162.0,48198.0,48162.0,48320.0,48356.0,,,,,,,,,
352,272,8,68,19802.0,19870.0,19802.0,20074.0,20142.0,,,,,,,,,
353,570,5,9,13164.0,13173.0,13164.0,13734.0,13743.0,,,,,,,,,
354,629,9,83,22994.0,23077.0,22994.0,23623.0,23706.0,,,,,,,,,
355,633,7,22,17958.0,17980.0,17958.0,18591.0,18613.0,,,,,,,,,
356,907,2,95,6430.0,6525.0,6430.0,7337.0,7432.0,,,,,,,,,
357,81,15,38,37227.0,37265.0,37227.0,37308.0,37346.0,,,,,,,,,
358,13,9,98,21735.0,21833.0,21735.0,21748.0,21846.0,,,,,,,,,
359,457,17,87,41732.0,41819.0,41732.0,42189.0,42276.0,,,,,,,,,
360,295,17,69,41529.0,41598.0,41529.0,41824.0,41893.0,,,,,,,,,
361,592,19,67,46264.0,46331.0,46264.0,46856.0,46923.0,,,,,,,,,
362,986,18,94,44424.0,44518.0,44424.0,45410.0,45504.0,,,,,,,,,
363,262,6,9,15088.0,15097.0,15088.0,15350.0,15359.0,,,,,,,,,
364,217,8,17,19590.0,19607.0,19590.0,19807.0,19824.0,,,,,,,,,
365,88,3,10,7795.0,7805.0,7795.0,7883.0,7893.0,,,,,,,,,
366,321,4,26,10222.0,10248.0,10222.0,10543.0,10569.0,,,,,,,,,
367,971,17,80,42320.0,42400.0,42320.0,43291.0,43371.0,,,,,,,,,
368,949,10,15,26286.0,26301.0,26286.0,27235.0,27250.0,,,,,,,,,
369,997,11,8,28303.0,28311.0,28303.0,29300.0,29308.0,,,,,,,,,
370,756,5,5,13363.0,13368.0,13363.0,14119.0,14124.0,,,,,,,,,
371,920,20,77,49478.0,49555.0,49478.0,50398.0,50475.0,,,,,,,,,
372,292,5,46,12959.0,13005.0,12959.0,13251.0,13297.0,,,,,,,,,
373,448,20,65,48839.0,48904.0,48839.0,49287.0,49352.0,,,,,,,,,
374,542,3,24,8319.0,8343.0,8319.0,8861.0,8885.0,,,,,,,,,
375,781,17,14,42208.0,42222.0,42208.0,42989.0,43003.0,,,,,,,,,
376,499,16,41,39816.0,39857.0,39816.0,40315.0,40356.0,,,,,,,,,
377,168,3,69,7801.0,7870.0,7801.0,7969.0,8038.0,,,,,,,,,
378,337,1,73,3170.0,3243.0,3170.0,3507.0,3580.0,,,,,,,,,
379,697,19,14,46483.0,46497.0,46483.0,47180.0,47194.0,,,,,,,,,
380,203,20,37,48250.0,48287.0,48250.0,48453.0,48490.0,,,,,,,,,
381,500,5,50,12993.0,13043.0,12993.0,13493.0,13543.0,,,,,,,,,
382,683,15,77,38062.0,38139.0,38062.0,38745.0,38822.0,,,,,,,,,
383,266,20,12,48285.0,48297.0,48285.0,48551.0,48563.0,,,,,,,,,
384,589,1,37,3600.0,3637.0,3600.0,4189.0,4226.0,,,,,,,,,
385,196,1,54,3070.0,3124.0,3070.0,3266.0,3320.0,,,,,,,,,
386,893,2,44,6335.0,6379.0,6335.0,7228.0,7272.0,,,,,,,,,
387,871,9,55,23327.0,23382.0,23327.0,24198.0,24253.0,,,,,,,,,
388,131,11,73,27619.0,27692.0,27619.0,27750.0,27823.0,,,,,,,,,
389,778,4,79,10880.0,10959.0,10880.0,11658.0,11737.0,,,,,,,,,
390,93,15,73,37271.0,37344.0,37271.0,37364.0,37437.0,,,,,,,,,
391,138,0,25,445.0,470.0,445.0,583.0,608.0,,,,,,,,,
392,775,16,0,40058.0,40058.0,40058.0,40833.0,40833.0,,,,,,,,,
393,773,9,89,23077.0,23166.0,23077.0,23850.0,23939.0,,,,,,,,,
394,27,8,53,19423.0,19476.0,19423.0,19450.0,19503.0,,,,,,,,,
395,343,20,17,48336.0,48353.0,48336.0,48679.0,48696.0,,,,,,,,,
396,743,3,65,8662.0,8727.0,8662.0,9405.0,9470.0,,,,,,,,,
397,584,4,71,10614.0,10685.0,10614.0,11198.0,11269.0,,,,,,,,,
398,300,9,70,22339.0,22409.0,22339.0,22639.0,22709.0,,,,,,,,,
399,857,19,52,46522.0,46574.0,46522.0,47379.0,47431.0,,,,,,,,,
400,304,11,75,27861.0,27936.0,27861.0,28165.0,28240.0,,,,,,,,,
401,772,5,73,13352.0,13425.0,13352.0,14124.0,14197.0,,,,,,,,,
402,4,7,62,17342.0,17404.0,17342.0,17346.0,17408.0,,,,,,,,,
403,758,8,93,19912.0,20005.0,19912.0,20670.0,20763.0,,,,,,,,,
404,854,17,100,42240.0,42340.0,42240.0,43094.0,43194.0,,,,,,,,,
405,594,2,89,5790.0,5879.0,5790.0,6384.0,6473.0,,,,,,,,,
406,270,15,27,37472.0,37499.0,37472.0,37742.0,37769.0,,,,,,,,,
407,451,19,37,46072.0,46109.0,46072.0,46523.0,46560.0,,,,,,,,,
408,616,18,18,43934.0,43952.0,43934.0,44550.0,44568.0,,,,,,,,,
409,107,2,97,5360.0,5457.0,5360.0,5467.0,5564.0,,,,,,,,,
410,479,9,77,22464.0,22541.0,22464.0,22943.0,23020.0,,,,,,,,,
411,972,6,82,16218.0,16300.0,16218.0,17190.0,17272.0,,,,,,,,,
412,864,19,89,46567.0,46656.0,46567.0,47431.0,47520.0,,,,,,,,,
413,909,9,65,23478.0,23543.0,23478.0,24387.0,24452.0,,,,,,,,,
414,643,0,14,968.0,982.0,968.0,1611.0,1625.0,,,,,,,,,
415,19,16,95,39263.0,39358.0,39263.0,39282.0,39377.0,,,,,,,,,
416,152,11,17,27671.0,27688.0,27671.0,27823.0,27840.0,,,,,,,,,
417,801,14,61,35876.0,35937.0,35876.0,36677.0,36738.0,,,,,,,,,
418,813,12,67,30424.0,30491.0,30424.0,31237.0,31304.0,,,,,,,,,
419,460,17,17,41816.0,41833.0,41816.0,42276.0,42293.0,,,,,,,,,
420,403,15,61,37705.0,37766.0,37705.0,38108.0,38169.0,,,,,,,,,
421,586,13,73,32553.0,32626.0,32553.0,33139.0,33212.0,,,,,,,,,
422,161,17,41,41387.0,41428.0,41387.0,41548.0,41589.0,,,,,,,,,
423,673,15,92,37980.0,38072.0,37980.0,38653.0,38745.0,,,,,,,,,
424,430,9,85,22345.0,22430.0,22345.0,22775.0,22860.0,,,,,,,,,
425,594,3,65,8443.0,8508.0,8443.0,9037.0,9102.0,,,,,,,,,
426,20,14,94,34908.0,35002.0,34908.0,34928.0,35022.0,,,,,,,,,
427,436,17,54,41699.0,41753.0,41699.0,42135.0,42189.0,,,,,,,,,
428,694,14,45,35680.0,35725.0,35680.0,36374.0,36419.0,,,,,,,,,
429,507,14,77,35543.0,35620.0,35543.0,36050.0,36127.0,,,,,,,,,
430,622,12,4,30025.0,30029.0,30025.0,30647.0,30651.0,,,,,,,,,
431,691,9,44,23015.0,23059.0,23015.0,23706.0,23750.0,,,,,,,,,
432,568,2,34,5716.0,5750.0,5716.0,6284.0,6318.0,,,,,,,,,
433,160,10,7,25194.0,25201.0,25194.0,25354.0,25361.0,,,,,,,,,
434,546,17,5,41794.0,41799.0,41794.0,42340.0,42345.0,,,,,,,,,
435,869,13,66,33453.0,33519.0,33453.0,34322.0,34388.0,,,,,,,,,
436,838,1,95,3797.0,3892.0,3797.0,4635.0,4730.0,,,,,,,,,
437,805,20,98,49200.0,49298.0,49200.0,50005.0,50103.0,,,,,,,,,
438,920,12,72,30792.0,30864.0,30792.0,31712.0,31784.0,,,,,,,,,
439,645,11,75,28044.0,28119.0,28044.0,28689.0,28764.0,,,,,,,,,
440,779,3,42,8783.0,8825.0,8783.0,9562.0,9604.0,,,,,,,,,
441,117,18,45,43407.0,43452.0,43407.0,43524.0,43569.0,,,,,,,,,
442,366,11,35,27960.0,27995.0,27960.0,28326.0,28361.0,,,,,,,,,
443,875,14,13,36072.0,36085.0,36072.0,36947.0,36960.0,,,,,,,,,
444,465,5,19,13009.0,13028.0,13009.0,13474.0,13493.0,,,,,,,,,
445,135,8,40,19552.0,19592.0,19552.0,19687.0,19727.0,,,,,,,,,
446,810,6,54,15932.0,15986.0,15932.0,16742.0,16796.0,,,,,,,,,
447,915,9,49,23537.0,23586.0,23537.0,24452.0,24501.0,,,,,,,,,
448,783,13,97,33247.0,33344.0,33247.0,34030.0,34127.0,,,,,,,,,
449,216,16,64,39420.0,39484.0,39420.0,39636.0,39700.0,,,,,,,,,
450,653,10,78,25829.0,25907.0,25829.0,26482.0,26560.0,,,,,,,,,
451,820,11,8,28288.0,28296.0,28288.0,29108.0,29116.0,,,,,,,,,
452,85,12,4,29440.0,29444.0,29440.0,29525.0,29529.0,,,,,,,,,
453,379,6,73,15155.0,15228.0,15155.0,15534.0,15607.0,,,,,,,,,
454,404,8,12,19924.0,19936.0,19924.0,20328.0,20340.0,,,,,,,,,
455,911,19,87,46943.0,47030.0,46943.0,47854.0,47941.0,,,,,,,,,
456,705,8,7,19958.0,19965.0,19958.0,20663.0,20670.0,,,,,,,,,
457,169,8,25,19558.0,19583.0,19558.0,19727.0,19752.0,,,,,,,,,
458,606,1,40,3717.0,3757.0,3717.0,4323.0,4363.0,,,,,,,,,
459,953,19,93,47040.0,47133.0,47040.0,47993.0,48086.0,,,,,,,,,
460,876,13,6,33610.0,33616.0,33610.0,34486.0,34492.0,,,,,,,,,
461,696,11,47,28288.0,28335.0,28288.0,28984.0,29031.0,,,,,,,,,
462,750,13,94,32977.0,33071.0,32977.0,33727.0,33821.0,,,,,,,,,
463,998,14,63,36087.0,36150.0,36087.0,37085.0,37148.0,,,,,,,,,
464,770,14,30,35763.0,35793.0,35763.0,36533.0,36563.0,,,,,,,,,
465,590,13,37,32622.0,32659.0,32622.0,33212.0,33249.0,,,,,,,,,
466,759,13,59,33190.0,33249.0,33190.0,33949.0,34008.0,,,,,,,,,
467,275,16,88,39512.0,39600.0,39512.0,39787.0,39875.0,,,,,,,,,
468,36,15,68,37171.0,37239.0,37171.0,37207.0,37275.0,,,,,,,,,
469,592,3,11,8434.0,8445.0,8434.0,9026.0,9037.0,,,,,,,,,
470,470,12,17,29784.0,29801.0,29784.0,30254.0,30271.0,,,,,,,,,
471,314,10,8,25344.0,25352.0,25344.0,25658.0,25666.0,,,,,,,,,
472,134,0,6,400.0,406.0,400.0,534.0,540.0,,,,,,,,,
473,51,9,73,21845.0,21918.0,21845.0,21896.0,21969.0,,,,,,,,,
474,737,16,15,40006.0,40021.0,40006.0,40743.0,40758.0,,,,,,,,,
475,159,6,82,14922.0,15004.0,14922.0,15081.0,15163.0,,,,,,,,,
476,608,17,69,41833.0,41902.0,41833.0,42441.0,42510.0,,,,,,,,,
477,400,12,45,29698.0,29743.0,29698.0,30098.0,30143.0,,,,,,,,,
478,5,16,25,39252.0,39277.0,39252.0,39257.0,39282.0,,,,,,,,,
479,910,13,54,33783.0,33837.0,33783.0,34693.0,34747.0,,,,,,,,,
480,987,1,61,4050.0,4111.0,4050.0,5037.0,5098.0,,,,,,,,,
481,97,16,77,39310.0,39387.0,39310.0,39407.0,39484.0,,,,,,,,,
482,776,12,86,30216.0,30302.0,30216.0,30992.0,31078.0,,,,,,,,,
483,928,1,48,3882.0,3930.0,3882.0,4810.0,4858.0,,,,,,,,,
484,212,5,99,12799.0,12898.0,12799.0,13011.0,13110.0,,,,,,,,,
485,331,7,82,17590.0,17672.0,17590.0,17921.0,18003.0,,,,,,,,,
486,892,2,60,6276.0,6336.0,6276.0,7168.0,7228.0,,,,,,,,,
487,712,0,39,1120.0,1159.0,1120.0,1832.0,1871.0,,,,,,,,,
488,515,13,64,32399.0,32463.0,32399.0,32914.0,32978.0,,,,,,,,,
489,878,18,5,44189.0,44194.0,44189.0,45067.0,45072.0,,,,,,,,,
490,647,8,65,19858.0,19923.0,19858.0,20505.0,20570.0,,,,,,,,,
491,135,13,35,32018.0,32053.0,32018.0,32153.0,32188.0,,,,,,,,,
492,728,16,0,40015.0,40015.0,40015.0,40743.0,40743.0,,,,,,,,,
493,302,17,37,41604.0,41641.0,41604.0,41906.0,41943.0,,,,,,,,,
494,969,5,9,13657.0,13666.0,13657.0,14626.0,14635.0,,,,,,,,,
495,267,11,49,27774.0,27823.0,27774.0,28041.0,28090.0,,,,,,,,,
496,698,12,42,30049.0,30091.0,30049.0,30747.0,30789.0,,,,,,,,,
497,92,15,18,37254.0,37272.0,37254.0,37346.0,37364.0,,,,,,,,,
498,76,16,30,39301.0,39331.0,39301.0,39377.0,39407.0,,,,,,,,,
499,342,2,49,5622.0,5671.0,5622.0,5964.0,6013.0,,,,,,,,,
500,474,1,72,3240.0,3312.0,3240.0,3714.0,3786.0,,,,,,,,,
501,439,8,33,19953.0,19986.0,19953.0,20392.0,20425.0,,,,,,,,,
502,478,0,1,835.0,836.0,835.0,1313.0,1314.0,,,,,,,,,
503,308,1,66,3133.0,3199.0,3133.0,3441.0,3507.0,,,,,,,,,
504,288,3,14,8015.0,8029.0,8015.0,8303.0,8317.0,,,,,,,,,
505,507,12,89,29764.0,29853.0,29764.0,30271.0,30360.0,,,,,,,,,
506,473,11,38,27942.0,27980.0,27942.0,28415.0,28453.0,,,,,,,,,
507,706,12,68,30083.0,30151.0,30083.0,30789.0,30857.0,,,,,,,,,
508,328,14,1,35569.0,35570.0,35569.0,35897.0,35898.0,,,,,,,,,
509,68,10,4,24743.0,24747.0,24743.0,24811.0,24815.0,,,,,,,,,
510,802,8,58,20105.0,20163.0,20105.0,20907.0,20965.0,,,,,,,,,
511,115,8,36,19536.0,19572.0,19536.0,19651.0,19687.0,,,,,,,,,
512,804,6,7,15931.0,15938.0,15931.0,16735.0,16742.0,,,,,,,,,
513,97,14,94,35025.0,35119.0,35025.0,35122.0,35216.0,,,,,,,,,
514,232,4,89,10061.0,10150.0,10061.0,10293.0,10382.0,,,,,,,,,
515,725,3,48,8586.0,8634.0,8586.0,9311.0,9359.0,,,,,,,,,
516,877,9,46,23376.0,23422.0,23376.0,24253.0,24299.0,,,,,,,,,
517,576,18,46,43872.0,43918.0,43872.0,44448.0,44494.0,,,,,,,,,
518,675,11,79,28230.0,28309.0,28230.0,28905.0,28984.0,,,,,,,,,
519,301,2,16,5647.0,5663.0,5647.0,5948.0,5964.0,,,,,,,,,
520,231,7,45,17553.0,17598.0,17553.0,17784.0,17829.0,,,,,,,,,
521,624,7,39,17833.0,17872.0,17833.0,18457.0,18496.0,,,,,,,,,
522,111,9,70,21866.0,21936.0,21866.0,21977.0,22047.0,,,,,,,,,
523,384,6,41,15223.0,15264.0,15223.0,15607.0,15648.0,,,,,,,,,
524,82,8,21,19548.0,19569.0,19548.0,19630.0,19651.0,,,,,,,,,
525,223,20,40,48288.0,48328.0,48288.0,48511.0,48551.0,,,,,,,,,
526,868,16,49,40181.0,40230.0,40181.0,41049.0,41098.0,,,,,,,,,
527,395,8,37,19857.0,19894.0,19857.0,20252.0,20289.0,,,,,,,,,
528,540,3,72,8249.0,8321.0,8249.0,8789.0,8861.0,,,,,,,,,
529,718,1,92,3825.0,3917.0,3825.0,4543.0,4635.0,,,,,,,,,
530,574,20,66,49072.0,49138.0,49072.0,49646.0,49712.0,,,,,,,,,
531,932,7,22,18239.0,18261.0,18239.0,19171.0,19193.0,,,,,,,,,
532,431,10,62,25446.0,25508.0,25446.0,25877.0,25939.0,,,,,,,,,
533,580,12,95,29825.0,29920.0,29825.0,30405.0,30500.0,,,,,,,,,
534,283,15,98,37549.0,37647.0,37549.0,37832.0,37930.0,,,,,,,,,
535,521,3,34,8155.0,8189.0,8155.0,8676.0,8710.0,,,,,,,,,
536,451,20,87,48901.0,48988.0,48901.0,49352.0,49439.0,,,,,,,,,
537,583,11,89,28017.0,28106.0,28017.0,28600.0,28689.0,,,,,,,,,
538,23,7,59,17472.0,17531.0,17472.0,17495.0,17554.0,,,,,,,,,
539,52,18,77,43319.0,43396.0,43319.0,43371.0,43448.0,,,,,,,,,
540,26,13,29,31933.0,31962.0,31933.0,31959.0,31988.0,,,,,,,,,
541,547,10,72,25734.0,25806.0,25734.0,26281.0,26353.0,,,,,,,,,
542,480,9,67,22540.0,22607.0,22540.0,23020.0,23087.0,,,,,,,,,
543,101,1,99,2767.0,2866.0,2767.0,2868.0,2967.0,,,,,,,,,
544,463,18,86,43729.0,43815.0,43729.0,44192.0,44278.0,,,,,,,,,
545,674,8,22,19967.0,19989.0,19967.0,20641.0,20663.0,,,,,,,,,
546,825,9,67,23128.0,23195.0,23128.0,23953.0,24020.0,,,,,,,,,
547,265,17,29,41530.0,41559.0,41530.0,41795.0,41824.0,,,,,,,,,
548,324,12,62,29712.0,29774.0,29712.0,30036.0,30098.0,,,,,,,,,
549,467,19,54,46257.0,46311.0,46257.0,46724.0,46778.0,,,,,,,,,
550,476,11,7,27977.0,27984.0,27977.0,28453.0,28460.0,,,,,,,,,
551,500,9,65,22835.0,22900.0,22835.0,23335.0,23400.0,,,,,,,,,
552,660,7,15,17967.0,17982.0,17967.0,18627.0,18642.0,,,,,,,,,
553,379,20,50,48518.0,48568.0,48518.0,48897.0,48947.0,,,,,,,,,
554,807,20,82,49296.0,49378.0,49296.0,50103.0,50185.0,,,,,,,,,
555,421,11,19,27946.0,27965.0,27946.0,28367.0,28386.0,,,,,,,,,
556,894,13,60,33697.0,33757.0,33697.0,34591.0,34651.0,,,,,,,,,
557,977,9,80,23662.0,23742.0,23662.0,24639.0,24719.0,,,,,,,,,
558,139,0,38,469.0,507.0,469.0,608.0,646.0,,,,,,,,,
559,402,12,40,29741.0,29781.0,29741.0,30143.0,30183.0,,,,,,,,,
560,731,2,70,6169.0,6239.0,6169.0,6900.0,6970.0,,,,,,,,,
561,667,20,74,49139.0,49213.0,49139.0,49806.0,49880.0,,,,,,,,,
562,88,20,36,48077.0,48113.0,48077.0,48165.0,48201.0,,,,,,,,,
563,343,20,72,48353.0,48425.0,48353.0,48696.0,48768.0,,,,,,,,,
564,446,16,62,39767.0,39829.0,39767.0,40213.0,40275.0,,,,,,,,,
565,586,17,27,41828.0,41855.0,41828.0,42414.0,42441.0,,,,,,,,,
566,479,19,30,46299.0,46329.0,46299.0,46778.0,46808.0,,,,,,,,,
567,950,8,10,20638.0,20648.0,20638.0,21588.0,21598.0,,,,,,,,,
568,759,14,50,35669.0,35719.0,35669.0,36428.0,36478.0,,,,,,,,,
569,280,1,60,3101.0,3161.0,3101.0,3381.0,3441.0,,,,,,,,,
570,17,0,78,202.0,280.0,202.0,219.0,297.0,,,,,,,,,
571,835,8,47,20365.0,20412.0,20365.0,21200.0,21247.0,,,,,,,,,
572,737,10,88,26119.0,26207.0,26119.0,26856.0,26944.0,,,,,,,,,
573,433,10,67,25506.0,25573.0,25506.0,25939.0,26006.0,,,,,,,,,
574,785,12,0,30293.0,30293.0,30293.0,31078.0,31078.0,,,,,,,,,
575,91,20,23,48147.0,48170.0,48147.0,48238.0,48261.0,,,,,,,,,
576,728,6,27,15830.0,15857.0,15830.0,16558.0,16585.0,,,,,,,,,
577,552,15,0,37930.0,37930.0,37930.0,38482.0,38482.0,,,,,,,,,
578,895,18,85,44259.0,44344.0,44259.0,45154.0,45239.0,,,,,,,,,
579,533,16,17,39933.0,39950.0,39933.0,40466.0,40483.0,,,,,,,,,
580,571,13,79,32489.0,32568.0,32489.0,33060.0,33139.0,,,,,,,,,
581,365,15,47,37636.0,37683.0,37636.0,38001.0,38048.0,,,,,,,,,
582,599,3,86,8503.0,8589.0,8503.0,9102.0,9188.0,,,,,,,,,
583,453,4,86,10358.0,10444.0,10358.0,10811.0,10897.0,,,,,,,,,
584,154,0,32,656.0,688.0,656.0,810.0,842.0,,,,,,,,,
585,963,20,16,49599.0,49615.0,49599.0,50562.0,50578.0,,,,,,,,,
586,647,13,20,32742.0,32762.0,32742.0,33389.0,33409.0,,,,,,,,,
587,757,19,28,46477.0,46505.0,46477.0,47234.0,47262.0,,,,,,,,,
588,776,16,70,40057.0,40127.0,40057.0,40833.0,40903.0,,,,,,,,,
589,185,15,24,37380.0,37404.0,37380.0,37565.0,37589.0,,,,,,,,,
590,794,8,22,20058.0,20080.0,20058.0,20852.0,20874.0,,,,,,,,,
591,972,15,57,38228.0,38285.0,38228.0,39200.0,39257.0,,,,,,,,,
592,40,8,88,19463.0,19551.0,19463.0,19503.0,19591.0,,,,,,,,,
593,963,8,92,20693.0,20785.0,20693.0,21656.0,21748.0,,,,,,,,,
594,127,14,100,35089.0,35189.0,35089.0,35216.0,35316.0,,,,,,,,,
595,157,5,42,12812.0,12854.0,12812.0,12969.0,13011.0,,,,,,,,,
596,943,7,25,18276.0,18301.0,18276.0,19219.0,19244.0,,,,,,,,,
597,555,15,98,37927.0,38025.0,37927.0,38482.0,38580.0,,,,,,,,,
598,76,18,76,43372.0,43448.0,43372.0,43448.0,43524.0,,,,,,,,,
599,785,16,0,40215.0,40215.0,40215.0,41000.0,41000.0,,,,,,,,,
600,757,4,45,10856.0,10901.0,10856.0,11613.0,11658.0,,,,,,,,,
601,196,9,99,21978.0,22077.0,21978.0,22174.0,22273.0,,,,,,,,,
602,866,18,64,44082.0,44146.0,44082.0,44948.0,45012.0,,,,,,,,,
603,651,17,30,41859.0,41889.0,41859.0,42510.0,42540.0,,,,,,,,,
604,117,13,28,31980.0,32008.0,31980.0,32097.0,32125.0,,,,,,,,,
605,941,16,41,40200.0,40241.0,40200.0,41141.0,41182.0,,,,,,,,,
606,863,14,88,35996.0,36084.0,35996.0,36859.0,36947.0,,,,,,,,,
607,15,4,94,9880.0,9974.0,9880.0,9895.0,9989.0,,,,,,,,,
608,906,7,17,18187.0,18204.0,18187.0,19093.0,19110.0,,,,,,,,,
609,548,19,2,46260.0,46262.0,46260.0,46808.0,46810.0,,,,,,,,,
610,264,19,27,45823.0,45850.0,45823.0,46087.0,46114.0,,,,,,,,,
611,230,6,20,15100.0,15120.0,15100.0,15330.0,15350.0,,,,,,,,,
612,163,14,0,35241.0,35241.0,35241.0,35404.0,35404.0,,,,,,,,,
613,578,12,0,29827.0,29827.0,29827.0,30405.0,30405.0,,,,,,,,,
614,192,11,74,27751.0,27825.0,27751.0,27943.0,28017.0,,,,,,,,,
615,646,18,64,43993.0,44057.0,43993.0,44639.0,44703.0,,,,,,,,,
616,828,9,44,23192.0,23236.0,23192.0,24020.0,24064.0,,,,,,,,,
617,711,2,3,6090.0,6093.0,6090.0,6801.0,6804.0,,,,,,,,,
618,228,6,70,15032.0,15102.0,15032.0,15260.0,15330.0,,,,,,,,,
619,852,8,41,20395.0,20436.0,20395.0,21247.0,21288.0,,,,,,,,,
620,698,5,22,13227.0,13249.0,13227.0,13925.0,13947.0,,,,,,,,,
621,70,0,75,334.0,409.0,334.0,404.0,479.0,,,,,,,,,
622,321,4,29,10248.0,10277.0,10248.0,10569.0,10598.0,,,,,,,,,
623,240,13,51,32214.0,32265.0,32214.0,32454.0,32505.0,,,,,,,,,
624,930,1,79,3928.0,4007.0,3928.0,4858.0,4937.0,,,,,,,,,
625,463,20,82,48992.0,49074.0,48992.0,49455.0,49537.0,,,,,,,,,
626,786,8,66,20000.0,20066.0,20000.0,20786.0,20852.0,,,,,,,,,
627,148,0,83,498.0,581.0,498.0,646.0,729.0,,,,,,,,,
628,171,12,29,29594.0,29623.0,29594.0,29765.0,29794.0,,,,,,,,,
629,238,1,51,3092.0,3143.0,3092.0,3330.0,3381.0,,,,,,,,,
630,207,10,15,25197.0,25212.0,25197.0,25404.0,25419.0,,,,,,,,,
631,784,16,97,40119.0,40216.0,40119.0,40903.0,41000.0,,,,,,,,,
632,229,17,78,41392.0,41470.0,41392.0,41621.0,41699.0,,,,,,,,,
633,796,12,74,30282.0,30356.0,30282.0,31078.0,31152.0,,,,,,,,,
634,443,10,4,25563.0,25567.0,25563.0,26006.0,26010.0,,,,,,,,,
635,819,0,7,1359.0,1366.0,1359.0,2178.0,2185.0,,,,,,,,,
636,507,20,20,49119.0,49139.0,49119.0,49626.0,49646.0,,,,,,,,,
637,498,0,61,819.0,880.0,819.0,1317.0,1378.0,,,,,,,,,
638,941,5,68,13617.0,13685.0,13617.0,14558.0,14626.0,,,,,,,,,
639,873,18,55,44139.0,44194.0,44139.0,45012.0,45067.0,,,,,,,,,
640,571,0,38,814.0,852.0,814.0,1385.0,1423.0,,,,,,,,,
641,873,13,79,33534.0,33613.0,33534.0,34407.0,34486.0,,,,,,,,,
642,588,3,48,8390.0,8438.0,8390.0,8978.0,9026.0,,,,,,,,,
643,828,5,23,13405.0,13428.0,13405.0,14233.0,14256.0,,,,,,,,,
644,967,6,45,16178.0,16223.0,16178.0,17145.0,17190.0,,,,,,,,,
645,926,16,43,40172.0,40215.0,40172.0,41098.0,41141.0,,,,,,,,,
646,184,6,50,14986.0,15036.0,14986.0,15170.0,15220.0,,,,,,,,,
647,609,12,38,29997.0,30035.0,29997.0,30606.0,30644.0,,,,,,,,,
648,991,7,15,18361.0,18376.0,18361.0,19352.0,19367.0,,,,,,,,,
649,88,2,46,5333.0,5379.0,5333.0,5421.0,5467.0,,,,,,,,,
650,362,19,95,45910.0,46005.0,45910.0,46272.0,46367.0,,,,,,,,,
651,307,17,7,41652.0,41659.0,41652.0,41959.0,41966.0,,,,,,,,,
652,460,0,55,742.0,797.0,742.0,1202.0,1257.0,,,,,,,,,
653,599,3,32,8589.0,8621.0,8589.0,9188.0,9220.0,,,,,,,,,
654,511,2,15,5758.0,5773.0,5758.0,6269.0,6284.0,,,,,,,,,
655,559,6,96,15600.0,15696.0,15600.0,16159.0,16255.0,,,,,,,,,
656,616,4,16,10889.0,10905.0,10889.0,11505.0,11521.0,,,,,,,,,
657,806,9,14,23133.0,23147.0,23133.0,23939.0,23953.0,,,,,,,,,
658,709,1,42,3755.0,3797.0,3755.0,4464.0,4506.0,,,,,,,,,
659,213,20,21,48277.0,48298.0,48277.0,48490.0,48511.0,,,,,,,,,
660,487,6,16,15413.0,15429.0,15413.0,15900.0,15916.0,,,,,,,,,
661,79,12,74,29372.0,29446.0,29372.0,29451.0,29525.0,,,,,,,,,
662,634,15,37,37956.0,37993.0,37956.0,38590.0,38627.0,,,,,,,,,
663,851,7,10,18118.0,18128.0,18118.0,18969.0,18979.0,,,,,,,,,
664,17,8,83,19350.0,19433.0,19350.0,19367.0,19450.0,,,,,,,,,
665,522,13,27,32466.0,32493.0,32466.0,32988.0,33015.0,,,,,,,,,
666,30,11,98,27396.0,27494.0,27396.0,27426.0,27524.0,,,,,,,,,
667,27,2,86,5115.0,5201.0,5115.0,5142.0,5228.0,,,,,,,,,
668,347,16,11,39528.0,39539.0,39528.0,39875.0,39886.0,,,,,,,,,
669,483,10,64,25527.0,25591.0,25527.0,26010.0,26074.0,,,,,,,,,
670,740,15,87,38082.0,38169.0,38082.0,38822.0,38909.0,,,,,,,,,
671,189,20,21,48243.0,48264.0,48243.0,48432.0,48453.0,,,,,,,,,
672,676,2,33,6092.0,6125.0,6092.0,6768.0,6801.0,,,,,,,,,
673,194,17,7,41395.0,41402.0,41395.0,41589.0,41596.0,,,,,,,,,
674,239,17,64,41460.0,41524.0,41460.0,41699.0,41763.0,,,,,,,,,
675,866,15,38,38267.0,38305.0,38267.0,39133.0,39171.0,,,,,,,,,
676,829,7,97,18043.0,18140.0,18043.0,18872.0,18969.0,,,,,,,,,
677,904,8,79,20568.0,20647.0,20568.0,21472.0,21551.0,,,,,,,,,
678,27,13,15,31961.0,31976.0,31961.0,31988.0,32003.0,,,,,,,,,
679,916,18,20,44358.0,44378.0,44358.0,45274.0,45294.0,,,,,,,,,
680,199,8,55,19553.0,19608.0,19553.0,19752.0,19807.0,,,,,,,,,
681,861,12,45,30536.0,30581.0,30536.0,31397.0,31442.0,,,,,,,,,
682,311,0,60,679.0,739.0,679.0,990.0,1050.0,,,,,,,,,
683,446,19,88,45989.0,46077.0,45989.0,46435.0,46523.0,,,,,,,,,
684,431,15,97,37738.0,37835.0,37738.0,38169.0,38266.0,,,,,,,,,
685,474,1,77,3312.0,3389.0,3312.0,3786.0,3863.0,,,,,,,,,
686,714,1,37,3792.0,3829.0,3792.0,4506.0,4543.0,,,,,,,,,
687,963,7,98,18281.0,18379.0,18281.0,19244.0,19342.0,,,,,,,,,
688,545,13,45,32470.0,32515.0,32470.0,33015.0,33060.0,,,,,,,,,
689,17,1,70,2697.0,2767.0,2697.0,2714.0,2784.0,,,,,,,,,
690,415,7,17,17725.0,17742.0,17725.0,18140.0,18157.0,,,,,,,,,
691,10,20,52,48103.0,48155.0,48103.0,48113.0,48165.0,,,,,,,,,
692,174,19,79,45753.0,45832.0,45753.0,45927.0,46006.0,,,,,,,,,
693,288,7,34,17564.0,17598.0,17564.0,17852.0,17886.0,,,,,,,,,
694,19,5,53,12539.0,12592.0,12539.0,12558.0,12611.0,,,,,,,,,
695,328,7,16,17577.0,17593.0,17577.0,17905.0,17921.0,,,,,,,,,
696,793,20,53,49159.0,49212.0,49159.0,49952.0,50005.0,,,,,,,,,
697,3,17,47,41374.0,41421.0,41374.0,41377.0,41424.0,,,,,,,,,
698,937,12,83,30847.0,30930.0,30847.0,31784.0,31867.0,,,,,,,,,
699,215,19,10,45791.0,45801.0,45791.0,46006.0,46016.0,,,,,,,,,
700,961,8,58,20637.0,20695.0,20637.0,21598.0,21656.0,,,,,,,,,
701,929,18,90,44365.0,44455.0,44365.0,45294.0,45384.0,,,,,,,,,
702,679,20,27,49201.0,49228.0,49201.0,49880.0,49907.0,,,,,,,,,
703,629,10,13,25840.0,25853.0,25840.0,26469.0,26482.0,,,,,,,,,
704,306,17,16,41637.0,41653.0,41637.0,41943.0,41959.0,,,,,,,,,
705,470,20,89,49067.0,49156.0,49067.0,49537.0,49626.0,,,,,,,,,
706,940,4,26,11495.0,11521.0,11495.0,12435.0,12461.0,,,,,,,,,
707,158,13,21,32030.0,32051.0,32030.0,32188.0,32209.0,,,,,,,,,
708,334,7,57,17675.0,17732.0,17675.0,18009.0,18066.0,,,,,,,,,
709,658,10,81,25902.0,25983.0,25902.0,26560.0,26641.0,,,,,,,,,
710,902,12,46,30617.0,30663.0,30617.0,31519.0,31565.0,,,,,,,,,
711,586,15,10,37994.0,38004.0,37994.0,38580.0,38590.0,,,,,,,,,
712,401,20,88,48603.0,48691.0,48603.0,49004.0,49092.0,,,,,,,,,
713,241,14,77,35449.0,35526.0,35449.0,35690.0,35767.0,,,,,,,,,
714,672,2,40,5994.0,6034.0,5994.0,6666.0,6706.0,,,,,,,,,
715,265,6,58,15094.0,15152.0,15094.0,15359.0,15417.0,,,,,,,,,
716,398,1,20,3292.0,3312.0,3292.0,3690.0,3710.0,,,,,,,,,
717,161,1,92,2924.0,3016.0,2924.0,3085.0,3177.0,,,,,,,,,
718,487,6,3,15429.0,15432.0,15429.0,15916.0,15919.0,,,,,,,,,
719,405,8,52,19935.0,19987.0,19935.0,20340.0,20392.0,,,,,,,,,
720,334,13,38,32302.0,32340.0,32302.0,32636.0,32674.0,,,,,,,,,
721,516,9,47,22964.0,23011.0,22964.0,23480.0,23527.0,,,,,,,,,
722,761,16,75,39997.0,40072.0,39997.0,40758.0,40833.0,,,,,,,,,
723,13,0,83,123.0,206.0,123.0,136.0,219.0,,,,,,,,,
724,833,15,22,38261.0,38283.0,38261.0,39094.0,39116.0,,,,,,,,,
725,605,10,29,25834.0,25863.0,25834.0,26439.0,26468.0,,,,,,,,,
726,650,19,11,46388.0,46399.0,46388.0,47038.0,47049.0,,,,,,,,,
727,923,10,44,26192.0,26236.0,26192.0,27115.0,27159.0,,,,,,,,,
728,442,18,43,43707.0,43750.0,43707.0,44149.0,44192.0,,,,,,,,,
729,627,7,95,17869.0,17964.0,17869.0,18496.0,18591.0,,,,,,,,,
730,102,17,0,41322.0,41322.0,41322.0,41424.0,41424.0,,,,,,,,,
731,973,0,65,1611.0,1676.0,1611.0,2584.0,2649.0,,,,,,,,,
732,381,14,37,35517.0,35554.0,35517.0,35898.0,35935.0,,,,,,,,,
733,854,6,37,16112.0,16149.0,16112.0,16966.0,17003.0,,,,,,,,,
734,6,15,59,37142.0,37201.0,37142.0,37148.0,37207.0,,,,,,,,,
735,218,19,71,45798.0,45869.0,45798.0,46016.0,46087.0,,,,,,,,,
736,409,2,69,5692.0,5761.0,5692.0,6101.0,6170.0,,,,,,,,,
737,692,12,96,29959.0,30055.0,29959.0,30651.0,30747.0,,,,,,,,,
738,585,2,22,5777.0,5799.0,5777.0,6362.0,6384.0,,,,,,,,,
739,403,18,96,43598.0,43694.0,43598.0,44001.0,44097.0,,,,,,,,,
740,453,7,93,17704.0,17797.0,17704.0,18157.0,18250.0,,,,,,,,,
741,562,11,6,27964.0,27970.0,27964.0,28526.0,28532.0,,,,,,,,,
742,271,13,13,32352.0,32365.0,32352.0,32623.0,32636.0,,,,,,,,,
743,166,9,55,21904.0,21959.0,21904.0,22070.0,22125.0,,,,,,,,,
744,784,14,29,35864.0,35893.0,35864.0,36648.0,36677.0,,,,,,,,,
745,797,8,33,20077.0,20110.0,20077.0,20874.0,20907.0,,,,,,,,,
746,333,7,6,17670.0,17676.0,17670.0,18003.0,18009.0,,,,,,,,,
747,846,14,75,35938.0,36013.0,35938.0,36784.0,36859.0,,,,,,,,,
748,15,5,7,12536.0,12543.0,12536.0,12551.0,12558.0,,,,,,,,,
749,48,19,37,45460.0,45497.0,45460.0,45508.0,45545.0,,,,,,,,,
750,890,6,17,16131.0,16148.0,16131.0,17021.0,17038.0,,,,,,,,,
751,210,6,40,15010.0,15050.0,15010.0,15220.0,15260.0,,,,,,,,,
752,757,13,73,33119.0,33192.0,33119.0,33876.0,33949.0,,,,,,,,,
753,803,16,49,40197.0,40246.0,40197.0,41000.0,41049.0,,,,,,,,,
754,983,16,65,40329.0,40394.0,40329.0,41312.0,41377.0,,,,,,,,,
755,657,11,80,28168.0,28248.0,28168.0,28825.0,28905.0,,,,,,,,,
756,506,6,65,15413.0,15478.0,15413.0,15919.0,15984.0,,,,,,,,,
757,898,19,72,46884.0,46956.0,46884.0,47782.0,47854.0,,,,,,,,,
758,455,9,5,22483.0,22488.0,22483.0,22938.0,22943.0,,,,,,,,,
759,97,15,34,37418.0,37452.0,37418.0,37515.0,37549.0,,,,,,,,,
760,210,14,68,35331.0,35399.0,35331.0,35541.0,35609.0,,,,,,,,,
761,220,0,73,683.0,756.0,683.0,903.0,976.0,,,,,,,,,
762,681,14,15,35678.0,35693.0,35678.0,36359.0,36374.0,,,,,,,,,
763,941,16,49,40241.0,40290.0,40241.0,41182.0,41231.0,,,,,,,,,
764,497,7,20,17819.0,17839.0,17819.0,18316.0,18336.0,,,,,,,,,
765,804,0,40,1296.0,1336.0,1296.0,2100.0,2140.0,,,,,,,,,
766,569,2,36,5749.0,5785.0,5749.0,6318.0,6354.0,,,,,,,,,
767,206,4,33,9995.0,10028.0,9995.0,10201.0,10234.0,,,,,,,,,
768,860,7,22,18119.0,18141.0,18119.0,18979.0,19001.0,,,,,,,,,
769,692,1,19,3736.0,3755.0,3736.0,4428.0,4447.0,,,,,,,,,
770,893,19,24,46710.0,46734.0,46710.0,47603.0,47627.0,,,,,,,,,
771,937,11,83,28279.0,28362.0,28279.0,29216.0,29299.0,,,,,,,,,
772,956,9,54,23629.0,23683.0,23629.0,24585.0,24639.0,,,,,,,,,
773,211,0,61,631.0,692.0,631.0,842.0,903.0,,,,,,,,,
774,129,19,52,45746.0,45798.0,45746.0,45875.0,45927.0,,,,,,,,,
775,284,19,69,45830.0,45899.0,45830.0,46114.0,46183.0,,,,,,,,,
776,65,14,100,34957.0,35057.0,34957.0,35022.0,35122.0,,,,,,,,,
777,149,0,81,580.0,661.0,580.0,729.0,810.0,,,,,,,,,
778,263,11,24,27754.0,27778.0,27754.0,28017.0,28041.0,,,,,,,,,
779,499,14,16,35535.0,35551.0,35535.0,36034.0,36050.0,,,,,,,,,
780,487,9,93,22631.0,22724.0,22631.0,23118.0,23211.0,,,,,,,,,
781,133,0,55,346.0,401.0,346.0,479.0,534.0,,,,,,,,,
782,106,12,17,29511.0,29528.0,29511.0,29617.0,29634.0,,,,,,,,,
783,826,11,66,28290.0,28356.0,28290.0,29116.0,29182.0,,,,,,,,,
784,378,20,64,48455.0,48519.0,48455.0,48833.0,48897.0,,,,,,,,,
785,359,19,89,45824.0,45913.0,45824.0,46183.0,46272.0,,,,,,,,,
786,459,4,98,10438.0,10536.0,10438.0,10897.0,10995.0,,,,,,,,,
787,666,10,9,26068.0,26077.0,26068.0,26734.0,26743.0,,,,,,,,,
788,2,14,23,34903.0,34926.0,34903.0,34905.0,34928.0,,,,,,,,,
789,811,7,72,17989.0,18061.0,17989.0,18800.0,18872.0,,,,,,,,,
790,297,17,13,41596.0,41609.0,41596.0,41893.0,41906.0,,,,,,,,,
791,605,2,70,5868.0,5938.0,5868.0,6473.0,6543.0,,,,,,,,,
792,290,2,29,5629.0,5658.0,5629.0,5919.0,5948.0,,,,,,,,,
793,911,10,17,26135.0,26152.0,26135.0,27046.0,27063.0,,,,,,,,,
794,592,10,76,25761.0,25837.0,25761.0,26353.0,26429.0,,,,,,,,,
795,54,0,17,333.0,350.0,333.0,387.0,404.0,,,,,,,,,
796,751,5,23,13345.0,13368.0,13345.0,14096.0,14119.0,,,,,,,,,
797,456,8,8,19969.0,19977.0,19969.0,20425.0,20433.0,,,,,,,,,
798,702,14,9,35717.0,35726.0,35717.0,36419.0,36428.0,,,,,,,,,
799,639,3,36,8636.0,8672.0,8636.0,9275.0,9311.0,,,,,,,,,
800,581,12,17,29919.0,29936.0,29919.0,30500.0,30517.0,,,,,,,,,
801,579,11,68,27953.0,28021.0,27953.0,28532.0,28600.0,,,,,,,,,
802,934,9,24,23567.0,23591.0,23567.0,24501.0,24525.0,,,,,,,,,
803,140,14,6,35258.0,35264.0,35258.0,35398.0,35404.0,,,,,,,,,
804,269,20,4,48294.0,48298.0,48294.0,48563.0,48567.0,,,,,,,,,
805,844,13,52,33391.0,33443.0,33391.0,34235.0,34287.0,,,,,,,,,
806,734,2,94,6236.0,6330.0,6236.0,6970.0,7064.0,,,,,,,,,
807,161,12,35,29568.0,29603.0,29568.0,29729.0,29764.0,,,,,,,,,
808,969,11,1,28330.0,28331.0,28330.0,29299.0,29300.0,,,,,,,,,
809,258,4,29,10124.0,10153.0,10124.0,10382.0,10411.0,,,,,,,,,
810,396,15,60,37652.0,37712.0,37652.0,38048.0,38108.0,,,,,,,,,
811,437,16,81,39695.0,39776.0,39695.0,40132.0,40213.0,,,,,,,,,
812,493,7,50,17773.0,17823.0,17773.0,18266.0,18316.0,,,,,,,,,
813,463,17,47,41830.0,41877.0,41830.0,42293.0,42340.0,,,,,,,,,
814,234,8,74,19766.0,19840.0,19766.0,20000.0,20074.0,,,,,,,,,
815,807,4,27,11102.0,11129.0,11102.0,11909.0,11936.0,,,,,,,,,
816,870,13,19,33518.0,33537.0,33518.0,34388.0,34407.0,,,,,,,,,
817,790,4,82,11037.0,11119.0,11037.0,11827.0,11909.0,,,,,,,,,
818,16,6,87,14619.0,14706.0,14619.0,14635.0,14722.0,,,,,,,,,
819,581,12,24,29936.0,29960.0,29936.0,30517.0,30541.0,,,,,,,,,
820,168,7,7,17447.0,17454.0,17447.0,17615.0,17622.0,,,,,,,,,
821,707,7,41,17935.0,17976.0,17935.0,18642.0,18683.0,,,,,,,,,
822,612,3,55,8608.0,8663.0,8608.0,9220.0,9275.0,,,,,,,,,
823,95,13,48,31954.0,32002.0,31954.0,32049.0,32097.0,,,,,,,,,
824,892,15,29,38279.0,38308.0,38279.0,39171.0,39200.0,,,,,,,,,
825,125,1,19,2847.0,2866.0,2847.0,2972.0,2991.0,,,,,,,,,
826,682,17,36,42068.0,42104.0,42068.0,42750.0,42786.0,,,,,,,,,
827,230,8,97,19673.0,19770.0,19673.0,19903.0,20000.0,,,,,,,,,
828,890,2,43,6235.0,6278.0,6235.0,7125.0,7168.0,,,,,,,,,
829,899,1,0,3831.0,3831.0,3831.0,4730.0,4730.0,,,,,,,,,
830,960,1,64,3977.0,4041.0,3977.0,4937.0,5001.0,,,,,,,,,
831,124,2,4,5440.0,5444.0,5440.0,5564.0,5568.0,,,,,,,,,
832,177,10,43,25184.0,25227.0,25184.0,25361.0,25404.0,,,,,,,,,
833,592,0,54,876.0,930.0,876.0,1468.0,1522.0,,,,,,,,,
834,728,13,90,32909.0,32999.0,32909.0,33637.0,33727.0,,,,,,,,,
835,466,18,99,43812.0,43911.0,43812.0,44278.0,44377.0,,,,,,,,,
836,460,16,35,39815.0,39850.0,39815.0,40275.0,40310.0,,,,,,,,,
837,221,10,85,25285.0,25370.0,25285.0,25506.0,25591.0,,,,,,,,,
838,224,4,17,10052.0,10069.0,10052.0,10276.0,10293.0,,,,,,,,,
839,691,0,94,1047.0,1141.0,1047.0,1738.0,1832.0,,,,,,,,,
840,894,19,60,46733.0,46793.0,46733.0,47627.0,47687.0,,,,,,,,,
841,47,10,92,24672.0,24764.0,24672.0,24719.0,24811.0,,,,,,,,,
842,812,12,85,30340.0,30425.0,30340.0,31152.0,31237.0,,,,,,,,,
843,712,6,82,15700.0,15782.0,15700.0,16412.0,16494.0,,,,,,,,,
844,538,5,68,13057.0,13125.0,13057.0,13595.0,13663.0,,,,,,,,,
845,379,10,28,25303.0,25331.0,25303.0,25682.0,25710.0,,,,,,,,,
846,8,11,76,27314.0,27390.0,27314.0,27322.0,27398.0,,,,,,,,,
847,206,13,87,32161.0,32248.0,32161.0,32367.0,32454.0,,,,,,,,,
848,236,9,98,22133.0,22231.0,22133.0,22369.0,22467.0,,,,,,,,,
849,86,9,8,21883.0,21891.0,21883.0,21969.0,21977.0,,,,,,,,,
850,725,18,52,44037.0,44089.0,44037.0,44762.0,44814.0,,,,,,,,,
851,644,16,38,39960.0,39998.0,39960.0,40604.0,40642.0,,,,,,,,,
852,171,20,76,48185.0,48261.0,48185.0,48356.0,48432.0,,,,,,,,,
853,685,19,20,46475.0,46495.0,46475.0,47160.0,47180.0,,,,,,,,,
854,1,4,17,9877.0,9894.0,9877.0,9878.0,9895.0,,,,,,,,,
855,421,4,38,10328.0,10366.0,10328.0,10749.0,10787.0,,,,,,,,,
856,831,19,64,46475.0,46539.0,46475.0,47306.0,47370.0,,,,,,,,,
857,83,3,42,7758.0,7800.0,7758.0,7841.0,7883.0,,,,,,,,,
858,82,19,41,45752.0,45793.0,45752.0,45834.0,45875.0,,,,,,,,,
859,437,3,84,8053.0,8137.0,8053.0,8490.0,8574.0,,,,,,,,,
860,164,13,27,32123.0,32150.0,32123.0,32287.0,32314.0,,,,,,,,,
861,440,0,44,718.0,762.0,718.0,1158.0,1202.0,,,,,,,,,
862,864,5,47,13471.0,13518.0,13471.0,14335.0,14382.0,,,,,,,,,
863,950,0,100,1534.0,1634.0,1534.0,2484.0,2584.0,,,,,,,,,
864,993,14,24,36068.0,36092.0,36068.0,37061.0,37085.0,,,,,,,,,
865,566,17,24,41824.0,41848.0,41824.0,42390.0,42414.0,,,,,,,,,
866,471,13,78,32365.0,32443.0,32365.0,32836.0,32914.0,,,,,,,,,
867,172,11,97,27674.0,27771.0,27674.0,27846.0,27943.0,,,,,,,,,
868,656,7,14,17957.0,17971.0,17957.0,18613.0,18627.0,,,,,,,,,
869,772,12,39,30181.0,30220.0,30181.0,30953.0,30992.0,,,,,,,,,
870,250,13,96,32277.0,32373.0,32277.0,32527.0,32623.0,,,,,,,,,
871,585,12,33,29975.0,30008.0,29975.0,30560.0,30593.0,,,,,,,,,
872,647,0,44,978.0,1022.0,978.0,1625.0,1669.0,,,,,,,,,
873,382,19,68,45985.0,46053.0,45985.0,46367.0,46435.0,,,,,,,,,
874,670,8,71,19900.0,19971.0,19900.0,20570.0,20641.0,,,,,,,,,
875,901,13,42,33750.0,33792.0,33750.0,34651.0,34693.0,,,,,,,,,
876,129,6,83,14869.0,14952.0,14869.0,14998.0,15081.0,,,,,,,,,
877,715,11,38,28355.0,28393.0,28355.0,29070.0,29108.0,,,,,,,,,
878,405,16,67,39584.0,39651.0,39584.0,39989.0,40056.0,,,,,,,,,
879,129,13,28,31996.0,32024.0,31996.0,32125.0,32153.0,,,,,,,,,
880,210,4,42,10024.0,10066.0,10024.0,10234.0,10276.0,,,,,,,,,
881,50,11,74,27540.0,27614.0,27540.0,27590.0,27664.0,,,,,,,,,
882,377,8,24,19851.0,19875.0,19851.0,20228.0,20252.0,,,,,,,,,
883,900,18,35,44339.0,44374.0,44339.0,45239.0,45274.0,,,,,,,,,
884,384,11,6,27977.0,27983.0,27977.0,28361.0,28367.0,,,,,,,,,
885,354,16,39,39532.0,39571.0,39532.0,39886.0,39925.0,,,,,,,,,
886,421,1,4,3289.0,3293.0,3289.0,3710.0,3714.0,,,,,,,,,
887,385,13,10,32365.0,32375.0,32365.0,32750.0,32760.0,,,,,,,,,
888,218,2,43,5515.0,5558.0,5515.0,5733.0,5776.0,,,,,,,,,
889,556,1,66,3452.0,3518.0,3452.0,4008.0,4074.0,,,,,,,,,
890,288,11,10,27802.0,27812.0,27802.0,28090.0,28100.0,,,,,,,,,
891,245,12,38,29672.0,29710.0,29672.0,29917.0,29955.0,,,,,,,,,
892,931,10,76,26228.0,26304.0,26228.0,27159.0,27235.0,,,,,,,,,
893,859,8,86,20429.0,20515.0,20429.0,21288.0,21374.0,,,,,,,,,
894,763,3,92,8707.0,8799.0,8707.0,9470.0,9562.0,,,,,,,,,
895,925,4,62,11315.0,11377.0,11315.0,12240.0,12302.0,,,,,,,,,
896,200,18,59,43369.0,43428.0,43369.0,43569.0,43628.0,,,,,,,,,
897,93,5,64,12784.0,12848.0,12784.0,12877.0,12941.0,,,,,,,,,
898,53,6,27,14719.0,14746.0,14719.0,14772.0,14799.0,,,,,,,,,
899,815,0,38,1325.0,1363.0,1325.0,2140.0,2178.0,,,,,,,,,
900,768,8,23,19995.0,20018.0,19995.0,20763.0,20786.0,,,,,,,,,
901,910,14,74,36050.0,36124.0,36050.0,36960.0,37034.0,,,,,,,,,
902,126,17,86,41298.0,41384.0,41298.0,41424.0,41510.0,,,,,,,,,
903,329,15,47,37602.0,37649.0,37602.0,37931.0,37978.0,,,,,,,,,
904,481,15,64,37842.0,37906.0,37842.0,38323.0,38387.0,,,,,,,,,
905,916,12,80,30716.0,30796.0,30716.0,31632.0,31712.0,,,,,,,,,
906,949,18,26,44435.0,44461.0,44435.0,45384.0,45410.0,,,,,,,,,
907,943,12,1,30924.0,30925.0,30924.0,31867.0,31868.0,,,,,,,,,
908,912,0,96,1476.0,1572.0,1476.0,2388.0,2484.0,,,,,,,,,
909,158,2,9,5410.0,5419.0,5410.0,5568.0,5577.0,,,,,,,,,
910,170,14,72,35299.0,35371.0,35299.0,35469.0,35541.0,,,,,,,,,
911,979,0,65,1670.0,1735.0,1670.0,2649.0,2714.0,,,,,,,,,
912,176,6,7,14987.0,14994.0,14987.0,15163.0,15170.0,,,,,,,,,
913,240,10,67,25351.0,25418.0,25351.0,25591.0,25658.0,,,,,,,,,
914,887,4,86,11258.0,11344.0,11258.0,12145.0,12231.0,,,,,,,,,
915,984,13,50,33871.0,33921.0,33871.0,34855.0,34905.0,,,,,,,,,
916,591,14,41,35615.0,35656.0,35615.0,36206.0,36247.0,,,,,,,,,
917,259,2,94,5517.0,5611.0,5517.0,5776.0,5870.0,,,,,,,,,
918,137,20,59,48124.0,48183.0,48124.0,48261.0,48320.0,,,,,,,,,
919,967,3,69,8842.0,8911.0,8842.0,9809.0,9878.0,,,,,,,,,
920,76,8,28,19526.0,19554.0,19526.0,19602.0,19630.0,,,,,,,,,
921,612,20,61,49133.0,49194.0,49133.0,49745.0,49806.0,,,,,,,,,
922,93,10,83,24880.0,24963.0,24880.0,24973.0,25056.0,,,,,,,,,
923,411,10,80,25299.0,25379.0,25299.0,25710.0,25790.0,,,,,,,,,
924,255,18,1,43465.0,43466.0,43465.0,43720.0,43721.0,,,,,,,,,
925,421,13,36,32348.0,32384.0,32348.0,32769.0,32805.0,,,,,,,,,
926,61,1,84,2723.0,2807.0,2723.0,2784.0,2868.0,,,,,,,,,
927,610,6,58,15744.0,15802.0,15744.0,16354.0,16412.0,,,,,,,,,
928,351,20,65,48417.0,48482.0,48417.0,48768.0,48833.0,,,,,,,,,
929,603,13,34,32715.0,32749.0,32715.0,33318.0,33352.0,,,,,,,,,
930,102,16,35,39382.0,39417.0,39382.0,39484.0,39519.0,,,,,,,,,
931,939,13,50,33808.0,33858.0,33808.0,34747.0,34797.0,,,,,,,,,
932,913,3,0,8841.0,8841.0,8841.0,9754.0,9754.0,,,,,,,,,
933,838,10,63,26145.0,26208.0,26145.0,26983.0,27046.0,,,,,,,,,
934,608,0,86,917.0,1003.0,917.0,1525.0,1611.0,,,,,,,,,
935,338,13,47,32336.0,32383.0,32336.0,32674.0,32721.0,,,,,,,,,
936,729,2,6,6165.0,6171.0,6165.0,6894.0,6900.0,,,,,,,,,
937,394,18,53,43548.0,43601.0,43548.0,43942.0,43995.0,,,,,,,,,
938,199,9,92,22074.0,22166.0,22074.0,22273.0,22365.0,,,,,,,,,
939,65,19,99,45579.0,45678.0,45579.0,45644.0,45743.0,,,,,,,,,
940,588,0,45,835.0,880.0,835.0,1423.0,1468.0,,,,,,,,,
941,68,6,95,14731.0,14826.0,14731.0,14799.0,14894.0,,,,,,,,,
942,266,12,6,29689.0,29695.0,29689.0,29955.0,29961.0,,,,,,,,,
943,541,0,7,837.0,844.0,837.0,1378.0,1385.0,,,,,,,,,
944,187,3,6,7861.0,7867.0,7861.0,8048.0,8054.0,,,,,,,,,
945,727,17,38,42059.0,42097.0,42059.0,42786.0,42824.0,,,,,,,,,
946,418,9,21,22336.0,22357.0,22336.0,22754.0,22775.0,,,,,,,,,
947,517,6,81,15467.0,15548.0,15467.0,15984.0,16065.0,,,,,,,,,
948,947,13,58,33850.0,33908.0,33850.0,34797.0,34855.0,,,,,,,,,
949,191,7,46,17462.0,17508.0,17462.0,17653.0,17699.0,,,,,,,,,
950,853,2,61,6211.0,6272.0,6211.0,7064.0,7125.0,,,,,,,,,
951,703,1,17,3744.0,3761.0,3744.0,4447.0,4464.0,,,,,,,,,
952,475,7,16,17775.0,17791.0,17775.0,18250.0,18266.0,,,,,,,,,
953,397,3,100,7993.0,8093.0,7993.0,8390.0,8490.0,,,,,,,,,
954,997,6,74,16275.0,16349.0,16275.0,17272.0,17346.0,,,,,,,,,
955,336,10,16,25330.0,25346.0,25330.0,25666.0,25682.0,,,,,,,,,
956,246,16,87,39454.0,39541.0,39454.0,39700.0,39787.0,,,,,,,,,
957,777,15,100,38168.0,38268.0,38168.0,38945.0,39045.0,,,,,,,,,
958,762,0,99,1175.0,1274.0,1175.0,1937.0,2036.0,,,,,,,,,
959,751,17,92,42073.0,42165.0,42073.0,42824.0,42916.0,,,,,,,,,
960,58,8,11,19533.0,19544.0,19533.0,19591.0,19602.0,,,,,,,,,
961,416,4,81,10252.0,10333.0,10252.0,10668.0,10749.0,,,,,,,,,
962,904,9,88,23395.0,23483.0,23395.0,24299.0,24387.0,,,,,,,,,
963,657,15,26,37970.0,37996.0,37970.0,38627.0,38653.0,,,,,,,,,
964,155,11,6,27685.0,27691.0,27685.0,27840.0,27846.0,,,,,,,,,
965,53,13,46,31950.0,31996.0,31950.0,32003.0,32049.0,,,,,,,,,
966,902,3,33,8723.0,8756.0,8723.0,9625.0,9658.0,,,,,,,,,
967,613,4,71,10821.0,10892.0,10821.0,11434.0,11505.0,,,,,,,,,
968,428,4,24,10359.0,10383.0,10359.0,10787.0,10811.0,,,,,,,,,
969,727,3,46,8632.0,8678.0,8632.0,9359.0,9405.0,,,,,,,,,
970,549,11,35,27942.0,27977.0,27942.0,28491.0,28526.0,,,,,,,,,
971,833,5,79,13423.0,13502.0,13423.0,14256.0,14335.0,,,,,,,,,
972,304,12,75,29657.0,29732.0,29657.0,29961.0,30036.0,,,,,,,,,
973,673,16,36,39969.0,40005.0,39969.0,40642.0,40678.0,,,,,,,,,
974,355,2,65,5658.0,5723.0,5658.0,6013.0,6078.0,,,,,,,,,
975,292,14,25,35580.0,35605.0,35580.0,35872.0,35897.0,,,,,,,,,
976,519,6,94,15546.0,15640.0,15546.0,16065.0,16159.0,,,,,,,,,
977,799,15,3,38292.0,38295.0,38292.0,39091.0,39094.0,,,,,,,,,
978,328,4,70,10270.0,10340.0,10270.0,10598.0,10668.0,,,,,,,,,
979,281,10,0,25377.0,25377.0,25377.0,25658.0,25658.0,,,,,,,,,
980,806,8,75,20159.0,20234.0,20159.0,20965.0,21040.0,,,,,,,,,
981,243,5,58,12867.0,12925.0,12867.0,13110.0,13168.0,,,,,,,,,
982,363,0,5,790.0,795.0,790.0,1153.0,1158.0,,,,,,,,,
983,855,0,78,1330.0,1408.0,1330.0,2185.0,2263.0,,,,,,,,,
984,256,3,92,7884.0,7976.0,7884.0,8140.0,8232.0,,,,,,,,,
985,609,10,1,25859.0,25860.0,25859.0,26468.0,26469.0,,,,,,,,,
986,702,20,37,49205.0,49242.0,49205.0,49907.0,49944.0,,,,,,,,,
987,747,6,24,15864.0,15888.0,15864.0,16611.0,16635.0,,,,,,,,,
988,542,1,34,3432.0,3466.0,3432.0,3974.0,4008.0,,,,,,,,,
989,490,10,34,25584.0,25618.0,25584.0,26074.0,26108.0,,,,,,,,,
990,210,10,87,25209.0,25296.0,25209.0,25419.0,25506.0,,,,,,,,,
991,223,18,92,43405.0,43497.0,43405.0,43628.0,43720.0,,,,,,,,,
992,904,5,96,13558.0,13654.0,13558.0,14462.0,14558.0,,,,,,,,,
993,463,19,65,46196.0,46261.0,46196.0,46659.0,46724.0,,,,,,,,,
994,207,2,95,5431.0,5526.0,5431.0,5638.0,5733.0,,,,,,,,,
995,533,5,52,13010.0,13062.0,13010.0,13543.0,13595.0,,,,,,,,,
996,32,4,91,9957.0,10048.0,9957.0,9989.0,10080.0,,,,,,,,,
997,700,16,39,40004.0,40043.0,40004.0,40704.0,40743.0,,,,,,,,,
998,402,18,6,43593.0,43599.0,43593.0,43995.0,44001.0,,,,,,,,,
999,164,12,1,29600.0,29601.0,29600.0,29764.0,29765.0,,,,,,,,,
1000,726,19,40,46468.0,46508.0,46468.0,47194.0,47234.0,,,,,,,,,
